Sample_ID,Aggressive_Label,BC__module_PanGyn_TF_stress_response,CD4_T__module_PanGyn_TF_stress_response,CD8_T__module_PanGyn_TF_stress_response,EC__module_PanGyn_TF_stress_response,Endothelial__module_PanGyn_TF_stress_response,Fibroblasts__module_PanGyn_TF_stress_response,Macrophages__module_PanGyn_TF_stress_response,Monocytes__module_PanGyn_TF_stress_response,Myofibroblasts__module_PanGyn_TF_stress_response,NK_Cells__module_PanGyn_TF_stress_response,Normal_Epithelial__module_PanGyn_TF_stress_response,OC__module_PanGyn_TF_stress_response,Tregs__module_PanGyn_TF_stress_response,BC__module_PanGyn_immune_remodeling,CD4_T__module_PanGyn_immune_remodeling,CD8_T__module_PanGyn_immune_remodeling,EC__module_PanGyn_immune_remodeling,Endothelial__module_PanGyn_immune_remodeling,Fibroblasts__module_PanGyn_immune_remodeling,Macrophages__module_PanGyn_immune_remodeling,Monocytes__module_PanGyn_immune_remodeling,Myofibroblasts__module_PanGyn_immune_remodeling,NK_Cells__module_PanGyn_immune_remodeling,Normal_Epithelial__module_PanGyn_immune_remodeling,OC__module_PanGyn_immune_remodeling,Tregs__module_PanGyn_immune_remodeling,BC__module_PanGyn_matrisome_mechanical,CD4_T__module_PanGyn_matrisome_mechanical,CD8_T__module_PanGyn_matrisome_mechanical,EC__module_PanGyn_matrisome_mechanical,Endothelial__module_PanGyn_matrisome_mechanical,Fibroblasts__module_PanGyn_matrisome_mechanical,Macrophages__module_PanGyn_matrisome_mechanical,Monocytes__module_PanGyn_matrisome_mechanical,Myofibroblasts__module_PanGyn_matrisome_mechanical,NK_Cells__module_PanGyn_matrisome_mechanical,Normal_Epithelial__module_PanGyn_matrisome_mechanical,OC__module_PanGyn_matrisome_mechanical,Tregs__module_PanGyn_matrisome_mechanical,BC__module_PanGyn_metabolic_reprogramming,CD4_T__module_PanGyn_metabolic_reprogramming,CD8_T__module_PanGyn_metabolic_reprogramming,EC__module_PanGyn_metabolic_reprogramming,Endothelial__module_PanGyn_metabolic_reprogramming,Fibroblasts__module_PanGyn_metabolic_reprogramming,Macrophages__module_PanGyn_metabolic_reprogramming,Monocytes__module_PanGyn_metabolic_reprogramming,Myofibroblasts__module_PanGyn_metabolic_reprogramming,NK_Cells__module_PanGyn_metabolic_reprogramming,Normal_Epithelial__module_PanGyn_metabolic_reprogramming,OC__module_PanGyn_metabolic_reprogramming,Tregs__module_PanGyn_metabolic_reprogramming,BC__module_PanGyn_top65_core,CD4_T__module_PanGyn_top65_core,CD8_T__module_PanGyn_top65_core,EC__module_PanGyn_top65_core,Endothelial__module_PanGyn_top65_core,Fibroblasts__module_PanGyn_top65_core,Macrophages__module_PanGyn_top65_core,Monocytes__module_PanGyn_top65_core,Myofibroblasts__module_PanGyn_top65_core,NK_Cells__module_PanGyn_top65_core,Normal_Epithelial__module_PanGyn_top65_core,OC__module_PanGyn_top65_core,Tregs__module_PanGyn_top65_core
A10,Aggressive,,0.191900881,0.158569787,,0.344387987,0.329942019,0.327376488,0.354336755,0.402244295,0.169536901,0.395594359,0.372148018,0.276397209,,0.274245695,0.232251951,,0.029612561,0.019310427,0.375553167,0.335619623,0.017232106,0.227943469,0.082277359,0.08493207,0.466005773,,0.00968175,0.005150069,,0.234621694,0.429232647,0.01886595,0.048986689,0.448754036,0.002876041,0.107768531,0.100705015,0.011480355,,0.24605857,0.21127208,,0.383814919,0.4464174,0.237143347,0.352436167,0.252203348,0.245880329,0.558612634,0.502082453,0.220687025,,0.215049587,0.181020576,,0.230759026,0.25248659,0.297899097,0.319147493,0.24029423,0.190088446,0.29076346,0.27144837,0.30789357
C1-1,LessAggressive,0.34862778,,,,,0.13342044,,0.273885191,,,0.175464528,,,0.020542002,,,,,0,,0.023821694,,,0.008926709,,,0.051516139,,,,,0.079827604,,0.037259052,,,0.032776443,,,0.225454456,,,,,0.071374251,,0.147651468,,,0.123517528,,,0.180475535,,,,,0.068853862,,0.138312027,,,0.092975154,,
B10,LessAggressive,0.406833102,0.282449458,0.23245872,,0.359979978,0.470316137,0.349212107,0.381269122,0.493052526,0.226196185,0.463736521,,0.259403393,0.047416396,0.266937303,0.19855758,,0.024525287,0.023039855,0.47523307,0.374523829,0.016755938,0.243015825,0.053554619,,0.361161547,0.025872038,0.010014407,0.008046212,,0.246028076,1.164516382,0.040243036,0.049492714,0.558462893,0.009335392,0.025284517,,0,0.228957562,0.169002386,0.192155805,,0.249165167,0.229593117,0.241145983,0.225614763,0.139042419,0.180364746,0.211099056,,0.203169985,0.208914138,0.229123276,0.191687349,,0.208599026,0.327984564,0.343670693,0.317125939,0.259752669,0.202963543,0.227595247,,0.260218514
C1-2,Aggressive,0.306926236,,,,0.469380933,,,0.307792513,0.144749698,,0.248292465,,,0.023724171,,,,0,,,0.029606506,0.009588566,,0.013990152,,,0.084401555,,,,0.241231183,,,0.033215789,0.014099162,,0.071327985,,,0.208054102,,,,0.210724097,,,0.22992576,0.077483456,,0.17538557,,,0.166401108,,,,0.230500951,,,0.16843857,0.071410153,,0.134468931,,
A11,Aggressive,,0.17679019,0.182606368,,0.294480307,0.250220419,0.357891946,0.328447968,0.222788925,0.193140646,,,0.230993271,,0.260383106,0.243296984,,0.030908074,0.03097731,0.635798655,0.665566776,0.028103853,0.221223817,,,0.235016307,,0.002507185,0.002066048,,0.267525601,0.362087538,0.042601768,0.028268747,0.304747062,0.018965429,,,0.00740466,,0.156390692,0.176140772,,0.312656672,0.187830213,0.250820292,0.3016129,0.162108858,0.230153279,,,0.164246668,,0.18620166,0.18612313,,0.202363433,0.170490242,0.405710127,0.414660297,0.149329714,0.194402582,,,0.198428537
C1-3,Aggressive,0.33373212,0.267890624,,,,,0.284414966,0.285096991,0.397341293,0.227743252,0.288544759,,,0.021091066,0.443102515,,,,,0.514990371,0.050859935,0,0.113871626,0.014960464,,,0.059490364,0,,,,,0.10575566,0.051989366,0,0,0.039977823,,,0.230672447,0.224181359,,,,,0.059154053,0.196590259,0.07725689,0.201465185,0.20650803,,,0.177178727,0.29641846,,,,,0.304459375,0.162994136,0.156049066,0.161172148,0.152386023,,
B11,LessAggressive,0.29813943,0.140142482,0.096263039,,0.303004745,0.30536742,0.274736192,0.349672723,0.280013108,0.158370326,0.300585687,,0.363788721,0.049313368,0.197818528,0.081670475,,0.026506058,0.012445994,0.203433552,0.269578952,0.027307748,0.181336913,0.0405999,,0.196792968,0.026002361,0.004986293,0,,0.192283106,0.760808075,0.017630228,0.025021175,0.303935676,0.010510336,0.028491415,,0,0.362819312,0.098034125,0.187118699,,0.287473351,0.311947252,0.156605566,0.204245937,0.163728182,0.117275975,0.368703007,,0.12643461,0.197908917,0.139653302,0.100384829,,0.19184001,0.245074942,0.202147044,0.262278658,0.16954554,0.14462948,0.197097786,,0.223646597
A1,LessAggressive,,0.247530085,0.209974403,0.466488143,0.532155242,0.575947779,0.402239442,0.38370949,0.583032014,0.198491502,0.356570538,,0.275044608,,0.309006436,0.264646808,0.032554164,0.032171922,0.020960185,0.614761142,0.572085065,0.00797253,0.328432299,0.131716664,,0.309740107,,0.009059382,0.011496873,0.088937858,0.14379601,0.578446892,0.028982269,0.030309518,0.208896848,0.017017412,0.022866741,,0.005836792,,0.139250977,0.159445619,0.249629506,0.262222966,0.196527394,0.311786136,0.306340914,0.163571348,0.136891309,0.317187708,,0.125969004,,0.225614753,0.200893264,0.23471975,0.265403068,0.303914164,0.424894259,0.402270211,0.261121741,0.21539906,0.238326866,,0.232656404
C1-4,Aggressive,0.229419314,,,,,,,0.21239752,0.238905319,,0.203146744,,,0.024773378,,,,,,,0.024232181,0.030611468,,0.016497412,,,0.067022802,,,,,,,0.042989774,0.070944285,,0.043779401,,,0.225396195,,,,,,,0.190389473,0.167008467,,0.204410943,,,0.141211065,,,,,,,0.125776691,0.135317875,,0.122643604,,
B12,LessAggressive,0.368061254,0.18185468,0.128286021,,0.317894406,0.387192292,0.319860348,0.38928061,0.379135476,0.180197628,0.364060756,,0.449069453,0.115255102,0.274532565,0.172404149,,0.025090034,0.020468512,0.344320203,0.459880245,0.011547394,0.263116557,0.113804075,,0.576283074,0.039646005,0.009230863,0.01046397,,0.243890351,1.049986442,0.040020168,0.01058564,0.358876358,0.011527248,0.041988039,,0,0.28318661,0.193953898,0.15639005,,0.320130991,0.426532495,0.289577373,0.238573392,0.21753549,0.223472552,0.27459495,,0.313715586,0.231316587,0.201133731,0.138641975,,0.207902878,0.326477532,0.296627378,0.349164117,0.214875778,0.202623583,0.227885442,,0.425560165
C1-5,Aggressive,0.395200508,0.282597067,0.116710559,,,,0.341339597,0.364057181,0.403810616,0.227907087,0.33974961,,,0.020971481,0.365443919,0.231072967,,,,0.54837491,0.252011662,0.033313926,0.18017849,0.015435815,,,0.080341951,0,0.07795869,,,,0.092388236,0.061107439,0.046389344,0,0.073513511,,,0.249706368,0.150614235,0.143511387,,,,0.129819001,0.184696596,0.210198237,0.201203053,0.22925922,,,0.204618311,0.259429657,0.158960327,,,,0.349314001,0.260573596,0.200996578,0.184640123,0.178318703,,
A2,LessAggressive,,0.334545097,0.26866226,0.447761368,0.428880392,0.4073971,0.382421411,0.439277646,0.550510806,0.288695687,0.402277745,,0.401226742,,0.244411158,0.223496885,0.120100438,0.035097681,0.02149743,0.425796811,0.566391904,0.012916415,0.268698882,0.111824818,,0.804993554,,0.086783425,0.006518163,0.080511987,0.227623896,0.486450862,0.127325092,0.126361541,0.377982862,0.005516328,0.038399142,,0,,0.308380693,0.268039603,0.228981069,0.262191014,0.196480014,0.347443785,0.267393169,0.096531539,0.312675696,0.233969625,,0.275377436,,0.27454836,0.228358218,0.254163805,0.237626496,0.235961839,0.367226752,0.420995078,0.253563589,0.260276263,0.232251676,,0.4818919
C2-1,LessAggressive,0.323720483,,,,,,,0.248659786,0.287460315,,0.216886932,,,0.013632295,,,,,,,0.008692365,0.011937106,,0.010734886,,,0.050465557,,,,,,,0.023183781,0.044929742,,0.03311679,,,0.263581296,,,,,,,0.242398658,0.347924716,,0.270586599,,,0.176745602,,,,,,,0.141682842,0.17967293,,0.137717359,,
C2-2,Aggressive,0.340217888,,,,,,,0.297653578,0.27265878,,0.30793442,,,0.011153616,,,,,,,0.007923417,0.013231005,,0.013784709,,,0.026808831,,,,,,,0.011628648,0.016170626,,0.025655959,,,0.337233799,,,,,,,0.363443583,0.341685987,,0.350101127,,,0.194252876,,,,,,,0.181889375,0.170990872,,0.186227544,,
B13,LessAggressive,0.363082368,0.307777868,0.238514966,,0.409844076,0.466609601,0.406888867,0.416864781,0.426312941,0.213761286,0.411339595,,0.440997613,0.09740693,0.409499917,0.257522207,,0.037472189,0.028921397,0.61667374,0.38874898,0.025472213,0.261004609,0.103179174,,0.743612979,0.014666451,0.011325789,0,,0.175667908,0.931298151,0.031953177,0.037266532,0.103439722,0.005567837,0.029185544,,0.019945952,0.247179834,0.203682585,0.24363977,,0.285599134,0.274658959,0.277508295,0.307848344,0.336571745,0.239756693,0.257622995,,0.262223669,0.21373216,0.29558796,0.2242488,,0.231616466,0.316239513,0.420634875,0.350072987,0.23672507,0.216459379,0.236279137,,0.4734558
A3,LessAggressive,,0.256374861,0.23983025,0.287832718,0.402263112,0.425752889,0.342724712,0.314585709,0.451137072,0.243898105,0.37073984,,0.36417084,,0.326243916,0.283639729,0.116672951,0.045327689,0.030534363,0.529333603,0.413692422,0.023247058,0.304790805,0.138236638,,0.509901627,,0.007650498,0.008741019,0.081671498,0.186724868,0.72562686,0.015045297,0.029391645,0.690900129,0,0.079839858,,0.003012205,,0.207770166,0.217310638,0.225590769,0.290581946,0.318865863,0.266308345,0.292891253,0.262261267,0.212112622,0.288252895,,0.254342491,,0.248417646,0.22949683,0.195789836,0.233730814,0.292209603,0.363224946,0.318989741,0.28408665,0.236573985,0.245119781,,0.360433729
C3-1,LessAggressive,0.280749465,,,,,0.097893288,,,,,0.272856127,,0.305311048,0.042654979,,,,,0.012728545,,,,,0.034890662,,0.160860084,0.043654936,,,,,0.016634715,,,,,0.029134882,,0.012931625,0.190379534,,,,,0.026595277,,,,,0.217012125,,0.284335417,0.156541012,,,,,0.045997678,,,,,0.154986816,,0.223013634
C3-2,Aggressive,0.326156795,,,,,,,,,,0.255218471,,0.120029474,0.014160927,,,,,,,,,,0.007386703,,0.042012761,0.033219461,,,,,,,,,,0.031009915,,0,0.1623127,,,,,,,,,,0.220308534,,0.016323651,0.155949069,,,,,,,,,,0.139845991,,0.060602752
B14B,Aggressive,0.437226955,0.325587821,0.331185032,,0.585334897,0.624503129,0.521546584,0.514425454,0.597816501,0.285195049,0.459786831,,0.324003426,0.119920845,0.184645033,0.234023114,,0.028710831,0.020655011,0.49531852,0.460883698,0.017142129,0.227097646,0.117029851,,0.179682812,0.031934066,0.010460783,0.023794509,,0.291490177,1.382137144,0.138595623,0.08828623,0.375426463,0.00856008,0.034831594,,0.026164962,0.323297069,0.145940709,0.145558853,,0.26840913,0.290256255,0.308509542,0.31985911,0.166978576,0.113904383,0.391975319,,0.118871912,0.26475178,0.210697685,0.231304916,,0.297866331,0.413919868,0.434309157,0.417230712,0.285651212,0.204843837,0.285714652,,0.204417048
A4,LessAggressive,,0.249303781,0.243681734,0.422791359,0.378015252,0.379163867,0.338220075,0.406475442,0.387911425,0.238948893,0.432371049,,0.282537213,,0.335231017,0.315537898,0.128072129,0.051048756,0.043347066,0.759623316,0.710786345,0.037822282,0.311841734,0.148828923,,0.531822994,,0.008785608,0.016730265,0.115234577,0.175044218,0.62037144,0.045714004,0.023062057,0.494572856,0.003960559,0.051066746,,0.010153187,,0.167178821,0.212128421,0.306057786,0.256820731,0.310991508,0.306264874,0.366158853,0.277943459,0.236683176,0.364300005,,0.174052819,,0.241082133,0.241847732,0.266769521,0.219344723,0.268967226,0.45394039,0.470699362,0.251885806,0.24259737,0.283229229,,0.323906008
HCC1143,LessAggressive,0.356687969,0.328373723,,,,0.311395693,0.313283002,0.323001768,,,0.368700148,,0.392263941,0.051686861,0.068411167,,,,0.068028651,0.073635635,0.060780727,,,0.057020192,,0.103232708,0.220820907,0.146073464,,,,0.095680207,0.165995578,0.232992788,,,0.212977147,,0.099640856,0.394491538,0.303301428,,,,0.353901272,0.242002292,0.258244936,,,0.42456083,,0.332912564,0.243783639,0.214544797,,,,0.213870118,0.200632799,0.208955974,,,0.2552111,,0.251109714
B14,Aggressive,0.372590079,0.261970682,0.212169792,,0.386855313,0.399807147,0.394164798,0.391111258,0.359201107,0.250130328,0.370325346,,0.284615928,0.106477988,0.321456872,0.135731058,,0.027095942,0.015029812,0.43130339,0.534140457,0.012196078,0.139455433,0.109454102,,0.308634162,0.029896715,0.024761114,0,,0.203849077,0.87726296,0.082748281,0.076456019,0.046850161,0,0.041442747,,0.020759871,0.347245758,0.170676063,0.182288273,,0.355441502,0.47441527,0.325812708,0.374080642,0.426039705,0.143737498,0.354225665,,0.204543047,0.241725241,0.24286445,0.159561032,,0.236380198,0.322649636,0.364889588,0.409270368,0.220950037,0.166600923,0.24443873,,0.252744168
A5,LessAggressive,,0.299202899,0.260716213,0.355097217,0.390240945,0.387125363,0.361329645,0.372507591,0.425679515,0.260349629,0.423135611,,0.281672955,,0.282481298,0.240979503,0.070804597,0.040899342,0.032568423,0.566299017,0.533342227,0.017667273,0.264642263,0.173487831,,0.399460716,,0.063013617,0.009859853,0.448683249,0.147948468,0.653946896,0.073704582,0.033555781,0.533821545,0.035766798,0.035748629,,0.008699828,,0.20968306,0.226577432,0.16308222,0.255247212,0.185649332,0.316569879,0.224805446,0.152222021,0.21863707,0.2298252,,0.19259092,,0.253579969,0.223748726,0.224737078,0.217263557,0.246001227,0.39835531,0.36859002,0.236596795,0.232795327,0.260377824,,0.280337775
MCF7,LessAggressive,0.306614989,,,,,,,0.331320713,,,0.350313193,,,0.062264664,,,,,,,0.13253881,,,0.067245917,,,0.020716818,,,,,,,0.016317115,,,0.022817662,,,0.36950956,,,,,,,0.358797422,,,0.444911914,,,0.20634088,,,,,,,0.237400588,,,0.238840314,,
B15,Aggressive,0.390263616,0.237913619,0.144734299,,0.353902488,0.364870025,0.37781064,0.390540209,0.415688225,0.211679294,0.403983401,,0.25291083,0.138953284,0.317823514,0.207086236,,0.031962988,0.017428936,0.444823518,0.561940887,0.019579739,0.2113688,0.155362307,,0.165245793,0.073790342,0.014830298,0,,0.199012669,0.634175121,0.044750673,0.079061517,0.117851524,0,0.07747132,,0,0.318138669,0.224553802,0.188583242,,0.432170481,0.466545558,0.318325431,0.323814256,0.333512382,0.240730281,0.313989836,,0.190951913,0.257700515,0.242925158,0.162206992,,0.241341511,0.287123371,0.35888185,0.40909261,0.231598973,0.197839997,0.267871494,,0.186153495
A6,Aggressive,,0.300583898,0.239795419,0.490012496,0.399967442,0.481000014,0.410872464,0.423991506,0.559639883,0.245141671,0.498925235,,0.337378971,,0.319691002,0.303243542,0.143243212,0.066544969,0.058228631,0.768945815,0.599816204,0.030297522,0.312363793,0.142774965,,0.537294354,,0.067886679,0.001391109,0.069779366,0.229329864,0.790625742,0.048802538,0.054685297,0.766153122,0.005336075,0.066729428,,0.024443886,,0.172018702,0.215653664,0.199872407,0.217499224,0.217960643,0.27633283,0.278260261,0.184807386,0.223687755,0.270059707,,0.163131889,,0.260152091,0.235411391,0.27049075,0.229742378,0.307376948,0.477245576,0.422970346,0.316430386,0.242501276,0.287234729,,0.344382529
MM468-5FU1-D214,Aggressive,0.545780084,,,,,,,0.533973205,,,0.520362614,,,0.117455769,,,,,,,0.115494828,,,0.121628247,,,0.058861717,,,,,,,0.060258957,,,0.06130954,,,0.300900368,,,,,,,0.29081127,,,0.284184447,,,0.300296919,,,,,,,0.293536385,,,0.289662229,,
B1,NonAggressive,,0.273730111,0.217879857,,0.46977456,0.498570427,0.438711665,0.300013777,0.37197569,0.26753642,0.453658202,,0.403174108,,0.294934099,0.156741056,,0.046839736,0.013039253,0.448185856,0.127242142,0.015687503,0.178905604,0.117085622,,0.598184589,,0.010397815,0.008717915,,0.184390059,0.528883881,0.053736199,0.043639135,0.101786174,0.004545839,0.039443943,,0.023011336,,0.212502183,0.239457016,,0.257585762,0.235189868,0.268787597,0.331836645,0.27218154,0.263641619,0.271809687,,0.237810628,,0.244679878,0.181254303,,0.251339755,0.276889142,0.372543061,0.22157842,0.201005085,0.211119733,0.259958424,,0.404013172
MM468-5FU1-D33,Aggressive,0.476979563,,,,,0.419088283,,0.502255625,0.323834789,,0.512933601,,,0.092092642,,,,,0.016317788,,0.100966045,0,,0.108721826,,,0.082365432,,,,,0.8720208,,0.070921891,0.588552352,,0.08750695,,,0.346356156,,,,,0.149298908,,0.381843705,0.097234839,,0.371274464,,,0.278238205,,,,,0.264420773,,0.296363045,0.188362572,,0.302302839,,
A7,LessAggressive,,0.381230544,0.369636264,,0.409533982,0.460656377,0.393220765,0.428245555,0.463530813,0.22322172,0.580179606,0.457800349,0.537795989,,0.158102026,0.418721325,,0.022692837,0.035085379,0.418722677,0.206651244,0.01124975,0.256226332,0.082110934,0.07225054,0.422257689,,0.141843146,0,,0.248933348,0.325825015,0.019552756,0,0.440040091,0.029599874,0.085042017,0.066576773,0.158818305,,0.268185676,0.274935074,,0.258514445,0.192394811,0.236771872,0.126295658,0.099429001,0.123275458,0.252418125,0.209601691,0.297556146,,0.257571104,0.333944316,,0.227623149,0.243971431,0.336462308,0.249914922,0.228504162,0.197038237,0.292682618,0.235622355,0.413882682
MM468-5FU2-D171,Aggressive,0.500675883,0.512243569,,,,,,0.499801162,,,0.507625821,,,0.131288281,0.053669997,,,,,,0.120886004,,,0.137649777,,,0.054796959,0.13278081,,,,,,0.045934054,,,0.057538832,,,0.320244211,0.378147996,,,,,,0.333601255,,,0.339195898,,,0.292725112,0.288132628,,,,,,0.290588084,,,0.301478745,,
B2,NonAggressive,,0.204165264,0.236621329,,0.348127285,0.312622708,0.341114085,0.307354637,0.315881442,0.183406519,0.367441801,,,,0.211122231,0.163165407,,0.041196951,0.006759626,0.290862373,0.080320668,0.01908383,0.158383794,0.116035805,,,,0.00237662,0,,0.103395001,0.471107018,0.061372006,0.021062111,0.035069107,0.012796458,0.044176687,,,,0.166965547,0.208860389,,0.287698637,0.333885286,0.304362893,0.333457363,0.322602714,0.181845366,0.364606157,,,,0.180560373,0.183235077,,0.204844765,0.223276069,0.290160126,0.205813083,0.186283864,0.158491473,0.248075771,,
MM468-5FU2-D67,Aggressive,0.479874345,0.543325555,,,,,,0.515582205,,,0.500880504,,,0.086788973,0.076267354,,,,,,0.084260533,,,0.098291391,,,0.071870312,0.075922057,,,,,,0.056357537,,,0.065099122,,,0.383329689,0.587999422,,,,,,0.403523697,,,0.38030293,,,0.283811756,0.343848642,,,,,,0.298159019,,,0.294084406,,
A8,LessAggressive,,0.176319126,0.182326031,,0.295511095,0.266344948,0.304367678,0.309357871,0.344166653,0.196689074,0.403221248,0.387986253,0.200996437,,0.268768284,0.16894443,,0.021461001,0.029651936,0.379191956,0.643588081,0.008217733,0.14924211,0.105497806,0.107878004,0.40196145,,0.052804455,0,,0.345893915,0.581769773,0.008395689,0.018177471,0.495760258,0.015459878,0.05568529,0.057939705,0.005646003,,0.185239723,0.221253966,,0.33987106,0.339505421,0.201652786,0.260639872,0.153969959,0.22738626,0.501703284,0.500613944,0.184057657,,0.19941467,0.168546495,,0.212062238,0.226340268,0.282980491,0.391002155,0.201246337,0.169310737,0.285489118,0.28093073,0.25068703
B3,NonAggressive,,0.178320027,0.159075313,,0.380345238,0.360356449,0.415062918,0.37174118,0.387077627,0.140943361,0.350261447,,,,0.238712446,0.111150772,,0.01901492,0.00433988,0.247523192,0.130217634,0.016828503,0.165818386,0.108412686,,,,0.011644869,0.014119351,,0.115883301,0.383730327,0.073673628,0.017554792,0.095900752,0,0.124301143,,,,0.183823022,0.243379608,,0.374185794,0.358730079,0.400860079,0.402745677,0.303103275,0.196751765,0.380687978,,,,0.185404852,0.145597707,,0.226846135,0.23621367,0.321426205,0.259785774,0.212393663,0.147896817,0.249911625,,
MM468-5FU3-D202,Aggressive,0.39774072,0.404850373,,,,,,0.408534805,,,0.401879303,,,0.044330114,0.06075242,,,,,,0.053970859,,,0.041020506,,,0.061440299,0.10132977,,,,,,0.041406188,,,0.056691296,,,0.430628519,0.421684842,,,,,,0.501037405,,,0.446628522,,,0.24822218,0.258442243,,,,,,0.267685441,,,0.251277141,,
A9,Aggressive,,0.241184122,0.184191719,,0.336833162,0.334761576,0.304939015,0.392952841,0.474174033,0.179269601,0.442207368,0.37293386,0.300731702,,0.351486058,0.246636738,,0.045706515,0.022363926,0.489941634,0.208417382,0.009597206,0.232113892,0.095780448,0.086395551,0.407540171,,0.003361154,0.004326407,,0.359559769,0.758613788,0.023903384,0.085459397,0.396754727,0,0.098870998,0.096034242,0.004208301,,0.188583854,0.212548922,,0.402203093,0.375798178,0.259079074,0.467787432,0.227399201,0.213928178,0.44751156,0.369748795,0.191698037,,0.247741095,0.195356137,,0.248990944,0.271553009,0.335287741,0.314238587,0.253283946,0.188352102,0.288993785,0.245346404,0.289347344
B4,NonAggressive,,0.23369995,0.181671209,,0.379341832,0.324627628,0.367187853,0.319303745,0.355546604,0.158359456,0.377068468,,0.313774368,,0.259619857,0.169029114,,0.025699433,0.016463661,0.332170492,0.123004532,0.008365354,0.213510176,0.121678306,,0.190754517,,0.018589054,0.013314649,,0.190008885,0.316157395,0.113140263,0.017399997,0.059574581,0,0.038411732,,0,,0.188984085,0.152556329,,0.485738706,0.371963063,0.405139504,0.300387051,0.423787912,0.206378727,0.321772207,,0,,0.214072046,0.155834271,,0.258009317,0.224270213,0.338936878,0.218192646,0.219025621,0.172860384,0.244379768,,0.178525606
MM468-5FU3-D50,Aggressive,0.4894047,0.456287146,,,,,,0.524553017,0.406680099,,0.490957849,,,0.093135902,0.078803921,,,,,,0.091883971,0.05848134,,0.084516823,,,0.096920744,0.120673993,,,,,,0.071117993,0,,0.082355364,,,0.375671098,0.33743132,,,,,,0.377985288,0.217878222,,0.382951465,,,0.290210501,0.267965318,,,,,,0.300285653,0.208171231,,0.287821826,,
B5,Aggressive,0.332640392,0.275498621,0.29309948,,0.334699308,0.307724448,0.390712523,0.445689387,0.409168048,0.265368428,0.338210461,,0.410856665,0.106341874,0.27903653,0.314303204,,0.030070439,0.032324147,0.728438049,0.656712782,0.019735814,0.304598061,0.065293133,,0.57332481,0.031690781,0.003096806,0.006134463,,0.334478407,0.974488761,0.04745693,0.022610246,0.918737822,0.005429107,0.019401799,,0.010506044,0.227948543,0.142805179,0.170327256,,0.175571308,0.15162424,0.213944176,0.24886422,0.095213577,0.154323262,0.230101797,,0.18638906,0.203847198,0.225067025,0.249558813,,0.195061563,0.240602544,0.443176601,0.441940711,0.255615266,0.233046251,0.190589489,,0.38649643
B6,Aggressive,0.335412335,0.260880464,0.258147932,,0.444294132,0.415234131,0.360464772,0.429930133,0.374579991,0.244395968,0.303855823,,0.25250808,0.130694938,0.256486892,0.2230516,,0.031205446,0.02034527,0.240042583,0.403914826,0.087544805,0.263356981,0.112982681,,0.175254628,0.031099213,0.001879229,0,,0.252015139,0.949614035,0.027030463,0.158613687,0.208723163,0.0038731,0.036522202,,0,0.430382129,0.221484096,0.228693647,,0.398010456,0.421536449,0.29309716,0.405978533,0.321074826,0.252933718,0.402535787,,0.235844212,0.253877388,0.227538736,0.216009333,,0.271118724,0.326092066,0.273601769,0.390889802,0.2470028,0.230610689,0.231375139,,0.198531031
MM468-5FU3-D77,Aggressive,0.488798359,0.487963209,,,0.306556282,0.391350321,,0.523396803,,,0.505610208,,0.20485798,0.100608156,0.095771198,,,0,0.038222954,,0.113985707,,,0.10522052,,0.031488457,0.081634376,0.063022994,,,0.221675893,0.254371302,,0.069855817,,,0.073450293,,0.120705754,0.360246588,0.411155068,,,0.210142539,0.154233963,,0.354571417,,,0.377844082,,0,0.288144027,0.294600695,,,0.170964659,0.206330072,,0.302897862,,,0.298488947,,0.094772348
B7,LessAggressive,0.453754361,0.285566468,0.230783742,,0.429967724,0.508922352,0.422394504,0.446936494,0.578569515,0.255912675,0.438549052,,0.300913378,0.124424221,0.277301118,0.272158123,,0.072628194,0.035570302,0.63641817,0.787003489,0.030356721,0.295174496,0.102219503,,0.206139929,0.037937808,0.012211635,0.011245008,,0.230580312,0.967086229,0.036698254,0.064475232,0.491951098,0.018263111,0.039441164,,0.022540639,0.199813072,0.163086554,0.201186246,,0.270652437,0.217455903,0.280464293,0.270421227,0.151302504,0.262932017,0.233146191,,0.17455119,0.248050833,0.232913069,0.219239295,,0.253256456,0.32542731,0.434137182,0.496660723,0.291137578,0.249272305,0.241618834,,0.216409775
MM468-5FUUnt-D33-H3K4me3,Aggressive,0.542889454,,,,,0.341426098,,0.511079521,0.376684564,,0.522066479,,,0.119438955,,,,,0.018078367,,0.112519855,0.03262394,,0.1190402,,,0.090572446,,,,,0.913176386,,0.060955142,0.672869251,,0.09235337,,,0.29999408,,,,,0.138627478,,0.334116063,0.131100526,,0.329403295,,,0.30272171,,,,,0.239227973,,0.293108082,0.233163353,,0.301258718,,
B8,LessAggressive,0.493246769,0.304695156,0.246682761,,0.434838689,0.466933687,0.450215441,0.490883225,0.458886412,0.259990735,0.486875617,,0.346376537,0.171796107,0.384159883,0.20672716,,0.079510727,0.069327834,0.702125024,0.965503588,0.032402401,0.227492435,0.168911281,,0.443634579,0.058983171,0.030449987,0.020555866,,0.194901692,0.802138486,0.100563386,0.098745118,0.305003419,0.021560489,0.069449207,,0.017284895,0.247262289,0.173160879,0.205779136,,0.253051343,0.367793653,0.351033609,0.341186997,0.285822206,0.207260652,0.252166199,,0.168358653,0.290219922,0.28119165,0.203490648,,0.250601757,0.33735636,0.487240737,0.592689206,0.25915926,0.215936374,0.288891608,,0.314809654
MM468-Untreated-D0-H3K4me3,Aggressive,0.534351829,,,,,,,0.560723736,,,0.462410223,,,0.133834356,,,,,,,0.136421172,,,0.125048644,,,0.056538357,,,,,,,0.047319509,,,0.044413535,,,0.335939211,,,,,,,0.345957143,,,0.265641863,,,0.308841879,,,,,,,0.320241428,,,0.265098144,,
B9,LessAggressive,0.368658494,0.194720032,0.204487312,,0.342597658,0.429949665,0.33915422,0.325396771,0.397620187,0.204128957,0.328194069,,0.253340939,0.098045803,0.241203358,0.161539806,,0.032088423,0.025609446,0.443489216,0.267956629,0.016070149,0.191338693,0.108805006,,0.331608129,0.048831783,0.015410535,0.008098864,,0.207992445,1.024042557,0.042616034,0.053714948,0.298564001,0.00778924,0.027597958,,0.002838869,0.251288509,0.134667815,0.153677854,,0.227539161,0.237264305,0.22047572,0.298257329,0.13867906,0.184881365,0.215177249,,0.14185513,0.219906771,0.182605889,0.161000446,,0.197288364,0.303177706,0.324964301,0.274565587,0.2016783,0.177629987,0.200213395,,0.235615053
MM468-Untreated-D33-H3K4me3,Aggressive,0.470192861,0.49380248,,,,0.390047764,,0.463589979,0.456910388,,0.465767523,,,0.093675339,0.127330606,,,,0.014699779,,0.079459448,0.008026096,,0.090308816,,,0.06816761,0.142272234,,,,0.853018916,,0.03471287,0.51205599,,0.067994618,,,0.418039488,0.388904163,,,,0.130657586,,0.235616677,0.144186935,,0.413773938,,,0.289422886,0.310699208,,,,0.248090086,,0.242483552,0.240620081,,0.285796688,,
SUM149PT,Aggressive,0.311782527,0.308384255,,,,0.290659181,0.31418783,0.409409869,,,0.318019096,,,0.057085539,0.120597572,,,,0.038557735,0.039109225,0.104079541,,,0.037003931,,,0.072460601,0.138443391,,,,0.071886808,0.04925254,0.043771694,,,0.054959087,,,0.485558535,0.445507123,,,,0.507954683,0.572337135,0.353005828,,,0.555034828,,,0.234322924,0.253674384,,,,0.224718781,0.244026619,0.256337883,,,0.241703644,,
T47D,LessAggressive,0.277259665,,,,,,,0.216065672,,,0.291601224,,,0.070107334,,,,,,,0.131511333,,,0.069225438,,,0.041659298,,,,,,,0.05012147,,,0.044188656,,,0.294915709,,,,,,,0.150461293,,,0.305206995,,,0.185743092,,,,,,,0.157707642,,,0.192797479,,
